row_index,fecha,departamento,actual_multifatal,raw_probability,raw_threshold,raw_prediction,calibration_method,calibrated_probability,calibrated_threshold,calibrated_prediction,error_type,distance_to_threshold
7833,2024-08-05,CUSCO,1,0.6581425,0.65,1,platt,0.19977675039926687,0.2,0,false_negative,0.0002232496007331386
7203,2024-03-12,AREQUIPA,1,0.65753406,0.65,1,platt,0.19938417284831242,0.2,0,false_negative,0.0006158271516875924
7942,2024-08-30,CUSCO,1,0.65635246,0.65,1,platt,0.1986243896890729,0.2,0,false_negative,0.0013756103109271167
8309,2024-12-02,LA LIBERTAD,1,0.6561242,0.65,1,platt,0.1984779942025047,0.2,0,false_negative,0.0015220057974953127
8660,2025-03-02,LIMA,1,0.65463847,0.65,1,platt,0.19752834322083612,0.2,0,false_negative,0.002471656779163889
8093,2024-10-08,ICA,1,0.65448815,0.65,1,platt,0.19743255670656876,0.2,0,false_negative,0.002567443293431254
6914,2024-01-10,ICA,1,0.6522182,0.65,1,platt,0.19599276909650495,0.2,0,false_negative,0.004007230903495057
9033,2025-10-08,CUSCO,1,0.64995426,0.65,0,platt,0.1945690117800877,0.2,0,false_negative,0.005430988219912308
8674,2025-03-06,LIMA,1,0.6496355,0.65,0,platt,0.1943695198259518,0.2,0,false_negative,0.0056304801740482135
8125,2024-10-17,ICA,1,0.6494842,0.65,0,platt,0.19427493050017022,0.2,0,false_negative,0.005725069499829788
7399,2024-04-28,CAJAMARCA,1,0.6494151,0.65,0,platt,0.19423171607325324,0.2,0,false_negative,0.005768283926746776
8468,2025-01-09,HUANCAVELICA,1,0.6491243,0.65,0,platt,0.1940501146581137,0.2,0,false_negative,0.005949885341886313
9028,2025-10-02,CUSCO,1,0.6484904,0.65,0,platt,0.1936548737517116,0.2,0,false_negative,0.006345126248288424
7693,2024-07-06,CUSCO,1,0.64631635,0.65,0,platt,0.19230641033173335,0.2,0,false_negative,0.007693589668266665
8389,2024-12-22,LA LIBERTAD,1,0.6458195,0.65,0,platt,0.191999765466027,0.2,0,false_negative,0.008000234533973
7584,2024-06-09,HUANCAVELICA,1,0.64468664,0.65,0,platt,0.191302734630047,0.2,0,false_negative,0.008697265369953022
7201,2024-03-12,AREQUIPA,1,0.6441697,0.65,0,platt,0.19098563236927993,0.2,0,false_negative,0.009014367630720083
7254,2024-03-24,LA LIBERTAD,1,0.64062643,0.65,0,platt,0.18882841963429625,0.2,0,false_negative,0.01117158036570376
7717,2024-07-10,PUNO,1,0.6377527,0.65,0,platt,0.18709938346971605,0.2,0,false_negative,0.01290061653028396
6890,2024-01-04,ICA,1,0.6377316,0.65,0,platt,0.1870867553540696,0.2,0,false_negative,0.01291324464593041
8878,2025-06-16,CUSCO,1,0.6356302,0.65,0,platt,0.18583393888766603,0.2,0,false_negative,0.014166061112333983
8007,2024-09-15,CAJAMARCA,1,0.63506484,0.65,0,platt,0.18549852438187536,0.2,0,false_negative,0.014501475618124648
7153,2024-03-01,TACNA,1,0.63456386,0.65,0,platt,0.18520187670411448,0.2,0,false_negative,0.014798123295885535
8282,2024-11-25,CAJAMARCA,1,0.63444006,0.65,0,platt,0.18512865375525325,0.2,0,false_negative,0.014871346244746758
7912,2024-08-24,CUSCO,1,0.62915677,0.65,0,platt,0.18203409300270235,0.2,0,false_negative,0.017965906997297665
8498,2025-01-18,HUANCAVELICA,1,0.6282731,0.65,0,platt,0.1815222393171867,0.2,0,false_negative,0.018477760682813316
8783,2025-04-15,HUANCAVELICA,1,0.6279383,0.65,0,platt,0.18132869268168542,0.2,0,false_negative,0.018671307318314595
6956,2024-01-19,JUNIN,1,0.62773323,0.65,0,platt,0.18121029502089742,0.2,0,false_negative,0.018789704979102595
7193,2024-03-11,CAJAMARCA,1,0.62663144,0.65,0,platt,0.1805755621728293,0.2,0,false_negative,0.01942443782717071
8975,2025-08-28,CUSCO,1,0.62376904,0.65,0,platt,0.17893815111355008,0.2,0,false_negative,0.021061848886449935
8757,2025-04-01,ICA,1,0.62205786,0.65,0,platt,0.17796718447031942,0.2,0,false_negative,0.02203281552968059
6971,2024-01-23,AYACUCHO,1,0.6199378,0.65,0,platt,0.17677230727358487,0.2,0,false_negative,0.023227692726415144
7237,2024-03-21,JUNIN,1,0.61910427,0.65,0,platt,0.17630497334928888,0.2,0,false_negative,0.023695026650711132
6999,2024-01-28,LA LIBERTAD,1,0.61706114,0.65,0,platt,0.17516518544851778,0.2,0,false_negative,0.02483481455148223
8691,2025-03-11,AREQUIPA,1,0.61624944,0.65,0,platt,0.17471462250766565,0.2,0,false_negative,0.025285377492334365
9009,2025-09-16,CUSCO,1,0.61425585,0.65,0,platt,0.17361338886467234,0.2,0,false_negative,0.02638661113532767
8793,2025-04-21,HUANCAVELICA,1,0.6114081,0.65,0,platt,0.17205348641167625,0.2,0,false_negative,0.027946513588323757
7621,2024-06-18,HUANCAVELICA,1,0.61135435,0.65,0,platt,0.17202418376778883,0.2,0,false_negative,0.02797581623221118
7510,2024-05-24,AREQUIPA,1,0.6110052,0.65,0,platt,0.17183401109101845,0.2,0,false_negative,0.02816598890898156
8440,2025-01-04,CUSCO,1,0.609966,0.65,0,platt,0.17126935637358845,0.2,0,false_negative,0.02873064362641156
7136,2024-02-26,CUSCO,1,0.6085783,0.65,0,platt,0.17051850820831596,0.2,0,false_negative,0.02948149179168405
8330,2024-12-07,MOQUEGUA,1,0.60540164,0.65,0,platt,0.16881299513621809,0.2,0,false_negative,0.031187004863781925
7713,2024-07-09,ICA,1,0.60438114,0.65,0,platt,0.16826901730400284,0.2,0,false_negative,0.03173098269599717
8441,2025-01-04,CUSCO,1,0.6041849,0.65,0,platt,0.16816463809488197,0.2,0,false_negative,0.03183536190511804
6909,2024-01-08,LA LIBERTAD,1,0.60383934,0.65,0,platt,0.16798097026089573,0.2,0,false_negative,0.03201902973910428
7214,2024-03-15,CAJAMARCA,1,0.59981394,0.65,0,platt,0.16585735288632428,0.2,0,false_negative,0.034142647113675734
8759,2025-04-01,HUANCAVELICA,1,0.59782284,0.65,0,platt,0.16481753650372905,0.2,0,false_negative,0.035182463496270966
8709,2025-03-20,AREQUIPA,1,0.59674275,0.65,0,platt,0.1642563694056729,0.2,0,false_negative,0.035743630594327114
8274,2024-11-23,SAN MARTIN,1,0.59055585,0.65,0,platt,0.16108053673484238,0.2,0,false_negative,0.03891946326515763
7791,2024-07-28,CAJAMARCA,1,0.588746,0.65,0,platt,0.16016374076120668,0.2,0,false_negative,0.03983625923879333
7746,2024-07-17,AREQUIPA,0,0.6588443,0.65,1,platt,0.20023069117126852,0.2,1,false_positive,0.00023069117126850447
8154,2024-10-24,AREQUIPA,0,0.65914977,0.65,1,platt,0.20042866518955146,0.2,1,false_positive,0.0004286651895514526
8828,2025-05-17,AYACUCHO,0,0.65930754,0.65,1,platt,0.20053100735356785,0.2,1,false_positive,0.0005310073535678417
8973,2025-08-25,HUANCAVELICA,0,0.6597347,0.65,1,platt,0.20080842002601262,0.2,1,false_positive,0.0008084200260126129
7982,2024-09-08,PUNO,0,0.65988594,0.65,1,platt,0.20090672880905142,0.2,1,false_positive,0.0009067288090514047
7463,2024-05-13,CUSCO,0,0.6601332,0.65,1,platt,0.2010675871425322,0.2,1,false_positive,0.0010675871425321892
7547,2024-06-03,CAJAMARCA,0,0.6602894,0.65,1,platt,0.2011693077896298,0.2,1,false_positive,0.0011693077896297865
7704,2024-07-08,CAJAMARCA,0,0.66053015,0.65,1,platt,0.20132618070919425,0.2,1,false_positive,0.0013261807091942412
8189,2024-10-31,LA LIBERTAD,0,0.6607386,0.65,1,platt,0.2014621201972138,0.2,1,false_positive,0.0014621201972137843
8391,2024-12-23,LA LIBERTAD,0,0.6612279,0.65,1,platt,0.20178165973591397,0.2,1,false_positive,0.0017816597359139597
7361,2024-04-19,HUANCAVELICA,0,0.66148794,0.65,1,platt,0.20195173749107936,0.2,1,false_positive,0.0019517374910793528
8836,2025-05-20,CUSCO,0,0.661828,0.65,1,platt,0.20217438678276392,0.2,1,false_positive,0.0021743867827639096
7563,2024-06-06,LA LIBERTAD,0,0.6619397,0.65,1,platt,0.20224758733495837,0.2,1,false_positive,0.002247587334958362
8407,2024-12-27,LA LIBERTAD,0,0.6619944,0.65,1,platt,0.2022834569876418,0.2,1,false_positive,0.002283456987641791
7486,2024-05-18,CUSCO,0,0.66209847,0.65,1,platt,0.20235170061095134,0.2,1,false_positive,0.0023517006109513294
7915,2024-08-25,LA LIBERTAD,0,0.66271466,0.65,1,platt,0.2027563321183835,0.2,1,false_positive,0.0027563321183834977
8409,2024-12-27,APURIMAC,0,0.6627208,0.65,1,platt,0.20276036841927567,0.2,1,false_positive,0.002760368419275655
7423,2024-05-04,LIMA,0,0.6628156,0.65,1,platt,0.20282268854599889,0.2,1,false_positive,0.002822688545998875
8748,2025-03-30,CAJAMARCA,0,0.6630061,0.65,1,platt,0.2029480644093216,0.2,1,false_positive,0.002948064409321577
8285,2024-11-25,AYACUCHO,0,0.6631707,0.65,1,platt,0.20305641633435378,0.2,1,false_positive,0.003056416334353773
7355,2024-04-15,AYACUCHO,0,0.6638849,0.65,1,platt,0.203527437034352,0.2,1,false_positive,0.003527437034351988
7857,2024-08-11,CAJAMARCA,0,0.6642266,0.65,1,platt,0.20375326771269114,0.2,1,false_positive,0.003753267712691133
7838,2024-08-07,CUSCO,0,0.66482985,0.65,1,platt,0.20415268092731706,0.2,1,false_positive,0.004152680927317048
7831,2024-08-05,CAJAMARCA,0,0.6656938,0.65,1,platt,0.20472634553315944,0.2,1,false_positive,0.004726345533159426
8850,2025-06-01,CAJAMARCA,0,0.6660509,0.65,1,platt,0.2049640148139741,0.2,1,false_positive,0.004964014813974099
7950,2024-08-31,AYACUCHO,0,0.6661817,0.65,1,platt,0.2050511360291433,0.2,1,false_positive,0.005051136029143283
7148,2024-02-29,AREQUIPA,0,0.6662122,0.65,1,platt,0.20507147336459952,0.2,1,false_positive,0.00507147336459951
7194,2024-03-11,CUSCO,0,0.66634274,0.65,1,platt,0.20515849051053436,0.2,1,false_positive,0.005158490510534353
8374,2024-12-20,LA LIBERTAD,0,0.6663956,0.65,1,platt,0.20519374707156374,0.2,1,false_positive,0.005193747071563726
7365,2024-04-21,LA LIBERTAD,0,0.6665228,0.65,1,platt,0.20527859936121307,0.2,1,false_positive,0.005278599361213054
8714,2025-03-21,AREQUIPA,0,0.6678883,0.65,1,platt,0.2061921742982755,0.2,1,false_positive,0.006192174298275482
8992,2025-09-05,AREQUIPA,0,0.6678936,0.65,1,platt,0.20619573301762797,0.2,1,false_positive,0.0061957330176279635
7279,2024-03-29,LA LIBERTAD,0,0.6678986,0.65,1,platt,0.20619909187684954,0.2,1,false_positive,0.006199091876849527
8038,2024-09-21,LA LIBERTAD,0,0.66798323,0.65,1,platt,0.20625588257643102,0.2,1,false_positive,0.006255882576431004
6924,2024-01-13,LIMA,0,0.6684615,0.65,1,platt,0.20657714470820332,0.2,1,false_positive,0.0065771447082033085
8311,2024-12-02,CAJAMARCA,0,0.6691622,0.65,1,platt,0.20704891865932804,0.2,1,false_positive,0.007048918659328024
8443,2025-01-04,CUSCO,0,0.6696478,0.65,1,platt,0.20737662536361653,0.2,1,false_positive,0.0073766253636165235
8055,2024-09-26,LA LIBERTAD,0,0.6698105,0.65,1,platt,0.20748653743884227,0.2,1,false_positive,0.007486537438842256
8308,2024-12-02,LA LIBERTAD,0,0.6699001,0.65,1,platt,0.2075471420370507,0.2,1,false_positive,0.0075471420370507025
8173,2024-10-28,PUNO,0,0.66992795,0.65,1,platt,0.20756596444395198,0.2,1,false_positive,0.007565964443951967
7645,2024-06-23,CUSCO,0,0.6705071,0.65,1,platt,0.2079580362347508,0.2,1,false_positive,0.007958036234750776
8159,2024-10-26,CUSCO,0,0.67082834,0.65,1,platt,0.20817592676043906,0.2,1,false_positive,0.008175926760439045
8969,2025-08-23,AREQUIPA,0,0.6714269,0.65,1,platt,0.20858261258377836,0.2,1,false_positive,0.008582612583778348
8764,2025-04-04,HUANCAVELICA,0,0.67144144,0.65,1,platt,0.20859250619739816,0.2,1,false_positive,0.008592506197398153
8924,2025-07-13,CAJAMARCA,0,0.67186195,0.65,1,platt,0.20887881588239884,0.2,1,false_positive,0.008878815882398833
7468,2024-05-14,LA LIBERTAD,0,0.67241836,0.65,1,platt,0.20925838733745006,0.2,1,false_positive,0.009258387337450047
8471,2025-01-11,LA LIBERTAD,0,0.672476,0.65,1,platt,0.2092977545024589,0.2,1,false_positive,0.0092977545024589
8847,2025-05-30,CUSCO,0,0.6726511,0.65,1,platt,0.20941741751583162,0.2,1,false_positive,0.009417417515831611
8953,2025-08-03,CUSCO,0,0.6737994,0.65,1,platt,0.21020413468865984,0.2,1,false_positive,0.010204134688659827
8640,2025-02-25,LA LIBERTAD,0,0.67400956,0.65,1,platt,0.2103485137940759,0.2,1,false_positive,0.010348513794075892
