rank,feature,raw_variable_group,mean_abs_shap,mean_signed_shap,positive_contribution_share
1,n_moto,VEHICULOS INVOLUCRADOS,0.08159885862,0.01383403221,0.625
2,n_vehiculos,VEHICULOS INVOLUCRADOS,0.06523943969,-0.007082779866,0.3515625
3,clase_atropello,CLASE,0.03736846198,-0.005526235592,0.66796875
4,n_no_identificado,VEHICULOS INVOLUCRADOS,0.02868382371,-0.001589553719,0.86328125
5,road_network_class_nacional__atropello,RED_VIAL × CLASE,0.02786711312,0.0001905163285,0.833984375
6,red_vial_urbano,RED_VIAL,0.02396480425,-0.002333680867,0.75390625
7,clase_despiste,CLASE,0.0233826771,-0.0008990691404,0.26171875
8,n_transporte_publico,VEHICULOS INVOLUCRADOS,0.01868106145,-0.004667686071,0.15625
9,caracteristica_recto,CARACTERISTICA_VIA,0.01704005713,0.0006365702484,0.32421875
10,n_bus,VEHICULOS INVOLUCRADOS,0.0166156814,0.001941436195,0.09375
11,road_type_zone_carretera__urbana,TIPO_VIA × ZONA,0.01649188199,1.873290284e-05,0.77734375
12,zona_rural,ZONA,0.01534274889,-0.001138662326,0.54296875
13,hora_cos,HORA,0.01514531621,-0.000172884215,0.431640625
14,zona_urbana,ZONA,0.01440334479,-0.0002675253959,0.546875
15,LATITUD,COORDENADAS,0.0122951189,0.0003171756698,0.6484375
16,road_type_zone_carretera__rural,TIPO_VIA × ZONA,0.01184975381,-0.001207118363,0.52734375
17,road_network_class_nacional__choque,RED_VIAL × CLASE,0.01157032351,-0.000378425757,0.21875
18,road_type_zone_calle__urbana,TIPO_VIA × ZONA,0.01119854756,0.003229902245,0.953125
19,tipo_via_calle,TIPO_VIA,0.01041320887,0.003210469669,0.951171875
20,dia_semana_cos,FECHA,0.009153127173,-0.000249854764,0.564453125
21,perfil_plana,PERFIL_VIA,0.008665768862,0.000422628815,0.248046875
22,departamento_lima,DEPARTAMENTO / REGION_NATURAL,0.008522241248,-0.001331263474,0.771484375
23,hora_sin,HORA,0.008136303416,-0.0001778234773,0.4765625
24,road_network_class_nacional__despiste,RED_VIAL × CLASE,0.0081057891,0.0009867712239,0.13671875
25,mes_sin,FECHA,0.007944222909,6.390637141e-05,0.52734375
26,franja_tarde,HORA,0.007934768712,0.001086221069,0.791015625
27,departamento_cusco,DEPARTAMENTO / REGION_NATURAL,0.007708405446,-0.0005085445337,0.90625
28,region_costa,DEPARTAMENTO / REGION_NATURAL,0.007706883384,-0.0004488933374,0.453125
29,via_prefijo_desconocido,CODIGO_VIA,0.007107145385,4.526612327e-05,0.71875
30,dia_semana_sin,FECHA,0.007077118135,0.0001393687431,0.48828125
31,franja_manana,HORA,0.00670859751,-0.0004008114802,0.703125
32,superficie_pavimentada,SUPERFICIE,0.006340632497,-0.001182382481,0.150390625
33,tipo_via_avenida,TIPO_VIA,0.006206916785,-0.001444757453,0.8125
34,tipo_via_carretera,TIPO_VIA,0.00620658597,-0.0005183182631,0.74609375
35,franja_madrugada,HORA,0.006073362195,-0.0001851803133,0.779296875
36,road_network_class_urbano__choque,RED_VIAL × CLASE,0.005949788282,0.0004385709969,0.921875
37,via_freq,CODIGO_VIA,0.005563297019,-0.0003724863133,0.455078125
38,n_pesado_carga,VEHICULOS INVOLUCRADOS,0.005489838302,0.0006477400004,0.529296875
39,n_interprovincial,VEHICULOS INVOLUCRADOS,0.005187179436,0.0001763875496,0.078125
40,caracteristica_curva,CARACTERISTICA_VIA,0.005089100267,0.0007719662605,0.17578125
41,LONGITUD,COORDENADAS,0.004824642254,-0.000655984101,0.416015625
42,superficie_trocha,SUPERFICIE,0.004814612196,-0.0002266209641,0.06640625
43,fin_de_semana,FECHA,0.004808444978,0.0001063111091,0.62890625
44,night_rural,HORA × ZONA,0.004742648637,8.23770234e-05,0.208984375
45,clase_choque,CLASE,0.004579679102,-0.0001303086467,0.3671875
46,departamento_la_libertad,DEPARTAMENTO / REGION_NATURAL,0.004468473912,0.0007624500378,0.099609375
47,region_sierra,DEPARTAMENTO / REGION_NATURAL,0.004441723586,0.0002839107489,0.58203125
48,clase_especial,CLASE,0.004309281981,-0.001088261054,0.9703557312
49,road_network_class_urbano__atropello,RED_VIAL × CLASE,0.004199312302,-0.001221568738,0.884765625
50,nocturno,HORA,0.003870191528,3.021283622e-05,0.40625
51,red_vial_nacional,RED_VIAL,0.003858982399,-0.0001479120735,0.49609375
52,mes_cos,FECHA,0.003695913927,-0.000476865436,0.416015625
53,departamento_ancash,DEPARTAMENTO / REGION_NATURAL,0.003682288601,-0.0009438263343,0.021484375
54,via_prefijo_pe,CODIGO_VIA,0.003672826127,-0.0004144657685,0.5
55,superficie_afirmado,SUPERFICIE,0.00339031409,-0.0009048521369,0.08203125
56,departamento_puno,DEPARTAMENTO / REGION_NATURAL,0.003184477301,0.0006724949416,0.921875
57,road_network_class_provincial__atropello,RED_VIAL × CLASE,0.003087667023,-0.001346973205,0.9677419355
58,franja_noche,HORA,0.003011323292,-0.0003188684906,0.580078125
59,road_network_class_departamental__choque,RED_VIAL × CLASE,0.00295844419,0.0001834922909,0.970703125
60,departamento_ica,DEPARTAMENTO / REGION_NATURAL,0.00283045425,0.0008161883451,0.95703125
61,road_network_class_departamental__despiste,RED_VIAL × CLASE,0.002752576317,-0.000180177946,0.025390625
62,red_vial_provincial,RED_VIAL,0.002657980437,0.0003923178952,0.892578125
63,perfil_inclinada,PERFIL_VIA,0.002640979942,0.0001953008053,0.326171875
64,clima_despejado,CLIMA,0.002545014885,-0.0005003820378,0.10546875
65,departamento_san_martin,DEPARTAMENTO / REGION_NATURAL,0.002412275826,0.000618862825,0.982421875
66,caracteristica_desconocido,CARACTERISTICA_VIA,0.002241567863,-0.0001910429326,0.9647749511
67,road_type_zone_avenida__urbana,TIPO_VIA × ZONA,0.002128729976,-0.0003233403042,0.498046875
68,road_network_class_departamental__atropello,RED_VIAL × CLASE,0.002115929152,-0.0003321839307,0.9849785408
69,departamento_ayacucho,DEPARTAMENTO / REGION_NATURAL,0.002015777297,0.0003212917368,0.9765166341
70,via_prefijo_lm,CODIGO_VIA,0.001995949192,7.457076702e-05,0.9913793103
71,clase_volcadura,CLASE,0.001850857076,0.0006675987364,0.9375
72,caracteristica_interseccion,CARACTERISTICA_VIA,0.001807072419,8.268299738e-05,0.859375
73,superficie_desconocido,SUPERFICIE,0.001663912174,-0.0001616849892,0.9510763209
74,departamento_loreto,DEPARTAMENTO / REGION_NATURAL,0.001487215302,0.0008944668271,0.9938271605
75,clima_desconocido,CLIMA,0.001481623515,-1.461901209e-05,0.9608610568
76,departamento_arequipa,DEPARTAMENTO / REGION_NATURAL,0.001459287411,-6.282744048e-05,0.724609375
77,region_selva,DEPARTAMENTO / REGION_NATURAL,0.001417120564,8.782230853e-05,0.94921875
78,road_network_class_provincial__choque,RED_VIAL × CLASE,0.001409532099,-0.0004355288217,0.9766949153
79,road_network_class_provincial__despiste,RED_VIAL × CLASE,0.001391936829,-0.0006761483018,0.087890625
80,departamento_junin,DEPARTAMENTO / REGION_NATURAL,0.001314698066,-0.0005730198376,0.845703125
81,road_network_class_nacional__especial,RED_VIAL × CLASE,0.001310825653,-0.0007255920357,0.9831081081
82,via_prefijo_li,CODIGO_VIA,0.00125784829,-0.0004497957318,0.01002004008
83,road_network_class_departamental__volcadura,RED_VIAL × CLASE,0.001234603598,0.0009865418432,0.9979079498
84,departamento_apurimac,DEPARTAMENTO / REGION_NATURAL,0.001212958853,-0.0004482060588,0.9765258216
85,departamento_callao,DEPARTAMENTO / REGION_NATURAL,0.00110671424,-0.0003456848063,0.9782082324
86,via_prefijo_pu,CODIGO_VIA,0.001085529483,0.0002394964604,0.9784735812
87,via_prefijo_cu,CODIGO_VIA,0.0009880748221,-0.0001229705255,0.9641434263
88,departamento_lambayeque,DEPARTAMENTO / REGION_NATURAL,0.0009599280893,0.0004064039023,0.9140625
89,via_prefijo_pi,CODIGO_VIA,0.0009505686363,-7.961225798e-05,0.9851116625
90,road_network_class_urbano__especial,RED_VIAL × CLASE,0.0009470058809,-8.392356395e-05,0.9871244635
91,road_network_class_nacional__volcadura,RED_VIAL × CLASE,0.0009244127827,3.628771516e-05,0.9801980198
92,road_network_class_desconocido__atropello,RED_VIAL × CLASE,0.0009209218298,-0.0002078227516,0.9856630824
93,red_vial_departamental,RED_VIAL,0.0009182351333,-0.0002552148107,0.333984375
94,road_type_zone_otro__urbana,TIPO_VIA × ZONA,0.0008794293534,0.0005400743684,0.9956521739
95,road_network_class_desconocido__despiste,RED_VIAL × CLASE,0.0008582461609,6.89793887e-05,0.2337917485
96,tipo_via_otro,TIPO_VIA,0.0008458682467,0.0004409077417,0.9939271255
97,departamento_piura,DEPARTAMENTO / REGION_NATURAL,0.0007932975587,0.0002251894155,0.810546875
98,clima_nublado,CLIMA,0.0007585315763,0.000227665203,0.931640625
99,via_prefijo_lo,CODIGO_VIA,0.0007401266207,0.0005587911305,0.9978308026
100,via_prefijo_ar,CODIGO_VIA,0.0006398784424,-0.000251509246,0.8518518519
101,via_prefijo_ca,CODIGO_VIA,0.0005986149412,-0.0002277563319,0.03162055336
102,clima_lluvioso,CLIMA,0.0005661215124,-0.0002200356808,0.61328125
103,departamento_cajamarca,DEPARTAMENTO / REGION_NATURAL,0.0005492362985,-3.272447428e-05,0.296875
104,red_vial_desconocido,RED_VIAL,0.0004846690468,-0.0001074579324,0.3046875
105,via_prefijo_ic,CODIGO_VIA,0.000439465299,0.0001099582141,0.9875
106,caracteristica_estructura,CARACTERISTICA_VIA,0.0004257909048,-0.0004257772249,0.00202020202
107,road_network_class_urbano__volcadura,RED_VIAL × CLASE,0.0004212961113,0.0003034734156,0.9974874372
108,departamento_tumbes,DEPARTAMENTO / REGION_NATURAL,0.0004191973276,-0.0004191973276,0
109,departamento_pasco,DEPARTAMENTO / REGION_NATURAL,0.0004142560697,3.387300741e-05,0.9883268482
110,departamento_amazonas,DEPARTAMENTO / REGION_NATURAL,0.0004139707671,0.0004139707671,1
111,departamento_tacna,DEPARTAMENTO / REGION_NATURAL,0.0003973461576,-9.31497815e-05,0.6876310273
112,via_prefijo_an,CODIGO_VIA,0.0003865614572,0.000111256405,0.01398601399
113,clima_niebla,CLIMA,0.0003643467236,-0.0002538674277,0.01290322581
114,road_type_zone_carretera__desconocido,TIPO_VIA × ZONA,0.0003626376274,-0.0003626376274,0
115,zona_desconocido,ZONA,0.0003587083193,-0.0003587083193,0
116,departamento_moquegua,DEPARTAMENTO / REGION_NATURAL,0.0003441104597,0.0001093832831,0.9899497487
117,perfil_desconocido,PERFIL_VIA,0.0003435843804,7.560817572e-05,0.5479452055
118,departamento_huanuco,DEPARTAMENTO / REGION_NATURAL,0.0003389197286,7.181215006e-05,0.625
119,departamento_huancavelica,DEPARTAMENTO / REGION_NATURAL,0.000294804083,-1.506977977e-06,0.5944798301
120,via_prefijo_la,CODIGO_VIA,0.0002941204026,0.0001848346825,0.8701030928
121,road_network_class_desconocido__especial,RED_VIAL × CLASE,0.0002837987836,0.0001282279686,0.9973684211
122,caracteristica_otro,CARACTERISTICA_VIA,0.0002639188839,1.508337258e-05,0.6587771203
123,via_prefijo_pa,CODIGO_VIA,0.0002520829241,0.0002520829241,1
124,road_network_class_provincial__especial,RED_VIAL × CLASE,0.0002422780526,-0.0002422780526,0
125,road_network_class_urbano__despiste,RED_VIAL × CLASE,0.0002403698501,4.887088166e-05,0.7240704501
126,via_prefijo_ap,CODIGO_VIA,0.0002284339062,-0.0002284339062,0
127,road_type_zone_calle__rural,TIPO_VIA × ZONA,0.0002251132526,0.0001171014217,0.9975845411
128,road_type_zone_avenida__rural,TIPO_VIA × ZONA,0.0002028074796,-0.0002028074796,0
129,departamento_ucayali,DEPARTAMENTO / REGION_NATURAL,0.0001874780735,1.201700437e-05,0.8741721854
130,via_prefijo_ay,CODIGO_VIA,0.0001573762621,0.0001047531218,0.5171568627
131,rain_curve,CLIMA × CARACTERISTICA_VIA,0.0001391107652,-3.719843031e-05,0.3813559322
132,tipo_via_expresa,TIPO_VIA,0.0001362318289,-0.0001362318289,0
133,via_prefijo_ju,CODIGO_VIA,0.000130206578,-6.788464043e-05,0.2222222222
134,road_network_class_desconocido__choque,RED_VIAL × CLASE,0.0001192364592,-1.288611919e-05,0.606122449
135,via_prefijo_tu,CODIGO_VIA,0.0001034380621,-0.0001034380621,0
136,road_network_class_provincial__volcadura,RED_VIAL × CLASE,8.779255256e-05,2.557697919e-05,0.3581560284
137,via_prefijo_uc,CODIGO_VIA,8.682727639e-05,-8.682727639e-05,0
138,via_prefijo_hu,CODIGO_VIA,8.570761091e-05,-1.904676541e-05,0.4030501089
139,via_prefijo_hv,CODIGO_VIA,8.231831036e-05,9.265221751e-07,0.8706293706
140,road_type_zone_expresa__urbana,TIPO_VIA × ZONA,5.548482659e-05,-5.548482659e-05,0
141,via_prefijo_ta,CODIGO_VIA,5.292317883e-05,5.292317883e-05,1
142,road_type_zone_otro__rural,TIPO_VIA × ZONA,4.791305111e-05,3.306394652e-05,0.7950530035
143,via_prefijo_am,CODIGO_VIA,3.648566781e-05,3.648566781e-05,1
144,via_prefijo_mo,CODIGO_VIA,3.139772555e-05,2.971835869e-05,0.9154411765
145,road_type_zone_expresa__rural,TIPO_VIA × ZONA,6.351839499e-09,-6.351839499e-09,0
146,road_network_class_provincial__desconocido,RED_VIAL × CLASE,0,0,0
147,road_network_class_urbano__desconocido,RED_VIAL × CLASE,0,0,0
148,road_network_class_desconocido__volcadura,RED_VIAL × CLASE,0,0,0
149,road_network_class_departamental__desconocido,RED_VIAL × CLASE,0,0,0
150,hora_faltante,HORA,0,0,0
151,road_network_class_departamental__especial,RED_VIAL × CLASE,0,0,0
152,tipo_via_desconocido,TIPO_VIA,0,0,0
153,coord_faltante,COORDENADAS,0,0,0
154,departamento_madre_de_dios,DEPARTAMENTO / REGION_NATURAL,0,0,0
155,region_desconocido,DEPARTAMENTO / REGION_NATURAL,0,0,0
156,via_prefijo_md,CODIGO_VIA,0,0,0
157,via_prefijo_sm,CODIGO_VIA,0,0,0
158,franja_desconocida,HORA,0,0,0
159,clase_desconocido,CLASE,0,0,0
160,clima_otro,CLIMA,0,0,0
161,road_network_class_nacional__desconocido,RED_VIAL × CLASE,0,0,0
162,road_type_zone_avenida__desconocido,TIPO_VIA × ZONA,0,0,0
163,road_type_zone_calle__desconocido,TIPO_VIA × ZONA,0,0,0
164,road_type_zone_expresa__desconocido,TIPO_VIA × ZONA,0,0,0
165,road_type_zone_otro__desconocido,TIPO_VIA × ZONA,0,0,0
166,road_type_zone_desconocido__rural,TIPO_VIA × ZONA,0,0,0
167,road_type_zone_desconocido__urbana,TIPO_VIA × ZONA,0,0,0
168,road_type_zone_desconocido__desconocido,TIPO_VIA × ZONA,0,0,0
169,road_network_class_desconocido__desconocido,RED_VIAL × CLASE,0,0,0
